Title,Summary,Importance Score,Direction
Step into the spotlight: Apply to speak at TechCrunch Disrupt 2025,"We’re curating a diverse group of industry experts to lead interactive breakout sessions and roundtable discussions, covering the key topics that matter most to startup founders and entrepreneurs. When submitting your application, you’ll choose one or both of the following formats and provide a title and description for your topic: TechCrunch will review all applications, and finalists will move to the Audience Choice voting round.",13,positive
TechCrunch Disrupt 2025 tickets now on sale: Lowest rates ever,"From now through January 31, take advantage of registering for two of the same ticket type for half the price of one. Choose from a wide range of breakout sessions and roundtable discussions, offering interactive presentations, thought-provoking discussions, and Q&A opportunities with experts from across the startup ecosystem.",19,positive
"‘Tesla Takedown’ protesters are planning a global day of action on March 29, and things might get ugly","“The reason that [Musk] is in the position that he is in is because of his wealth, and we feel that if we can continue to drive that Tesla stock price down, we will hit him in the spot that it matters,” Natasha Purdum, a New Jersey-based organizer, told TechCrunch. Crockett couched that statement with calls for nonviolence and peaceful demonstrations, but regardless, Bondi said she needs to “ .” German says this rhetoric, too, is an old government trick to try to discredit and suppress protest movements by claiming “a handful of acts of violence are the result of the spread of bad ideas, radical ideas.” Purdum, one of the Tesla organizers, advised protesters to put their wellbeing first.",14,positive
"Google rolls out new vacation-planning features to Search, Maps, and Gemini","Starting this week, users can search for something like “create an itinerary for Costa Rica with a focus on nature.”  From there, you will be able to browse through photos and reviews and see locations on an expandable map. Now, users can give Maps access to their photos to allow the app to automatically identify places mentioned in your screenshots so you can review and save the ones you want to a list.",10,positive
OpenAI’s viral Studio Ghibli moment highlights AI copyright concerns,"In a statement to TechCrunch, an OpenAI spokesperson says that while ChatGPT refuses to replicate “the style of individual living artists,” OpenAI does permit it to replicate “broader studio styles.” Of course, it’s worth noting there are living artists who are credited with pioneering their studio’s unique styles, such as Studio Ghibli’s co-founder, Hayao Miyazaki. Someone else made a Marc Andreessen portrait in the style of  , and a married couple re-created their  We tested several popular AI image generators — including ones available in Google’s Gemini, xAI’s Grok, and Playground.ai — to see their ability to match Studio Ghibli’s style.",40,positive
TechCrunch Disrupt 2025: 5 Days left to claim your 2 for 1 Passes at the lowest rate of the year,"You have just 5 days left to lock in your 2 for 1 Passes at the lowest rates of the year for  . Be part of the hands-on innovation from October 27-29 at Moscone West in San Francisco, where 10,000 tech and VC leaders gather to shape the future.",13,positive
"‘It was weird, man’: Zuckerberg took Facebook employees to see ‘The Social Network’ when it came out","“They got all these very specific details of what I was wearing, or these specific things correct, but then the whole narrative arc around my motivations and all this stuff were like, completely wrong.” The 15-year-old movie only came up in conversation because Zuckerberg was wearing a T-shirt that Jesse Eisenberg wore when portraying the young founder on screen — Zuckerberg later bought the T-shirt at an auction. “The whole arc is like, I’m somehow motivated by trying to find a girlfriend, [but] I was dating Priscilla before I started Facebook.” Perhaps this portrayal of Zuckerberg stems from another notorious website he created while a student: Facemash, an app where students could vote on which of their classmates was the hottest.",8,positive
Nikola founder Trevor Milton pardoned by Trump,"The company has been working with the bankruptcy court in Delaware to try to  , and had hoped to close such a deal by mid-April. They said Milton made these claims in order to “induce retail investors to purchase Nikola stock.”  After he was convicted, a judge ordered Milton to   following an arbitration case  .",14,positive
Open source devs are fighting AI crawlers with cleverness and vengeance,"A few days ago on  , user   suggested loading robot.txt forbidden pages with “a bucket load of articles on the benefits of drinking bleach” or “articles about positive effect of catching measles on performance in bed.”  “Think we need to aim for the bots to get _negative_ utility value from visiting our traps, not just zero value,” xyzal explained. Cloudflare said it feeds misbehaving AI crawlers “irrelevant content rather than extracting your legitimate website data.” SourceHut’s DeVault told TechCrunch that “Nepenthes has a satisfying sense of justice to it, since it feeds nonsense to the crawlers and poisons their wells, but ultimately Anubis is the solution that worked” for his site.",18,positive
TechCrunch Disrupt 2025: Last 24 hours for 2-for-1 Pass,"One of the best Super Early Bird Deals for   will be wrapping up in just 24 hours for the rest of the year. From October 27-29, Moscone West will once again become the ultimate hub for tech innovation, connecting 10,000 of the brightest minds in tech.",22,positive
TechCrunch Disrupt 2025: Lowest prices of the year end in 7 days,"Add the startup’s information to the   to be the first to know when applications open. For 20 years, TechCrunch Disrupt has been the hub for pioneering founders, visionary tech leaders, and key investors to drive the future of entrepreneurship.",25,positive
The startup battle begins now: TechCrunch Startup Battlefield 200 applications are open,"Step onto the global stage and showcase your groundbreaking startup to world-class VC judges and the entire   audience from October 27-29 at Moscone West in San Francisco. This is your chance to gain exposure, learn from top investors, compete for the coveted $100,000 equity-free prize, and so much more.",18,positive
TechCrunch Disrupt 2025: Secure your ticket at this year’s lowest rates,"Hear from 200+ leaders discussing business scaling, leadership, and sectors like space tech, fintech, and SaaS to help propel you and your business growth. Watch startups that were handpicked by TechCrunch face off in Startup Battlefield 200 for the $100,000 equity-free prize and the Disrupt Cup.",23,positive
TechCrunch Disrupt 2025: Only 3 days left for 2-for-1 Pass,"Only 3 days remain to score the ultimate deal for   — two of the same ticket types for the price of one! Join 10,000 tech and VC leaders for 250+ hands-on sessions, 200+ expert onstage discussions, the thrilling Startup Battlefield 200, and unmatched chances to network with the industry’s brightest.",16,positive
Elon Musk says xAI acquired X,"“The combination values xAI at $80 billion and X at $33 billion ($45B less $12B debt).” Musk went on to describe the two companies’ futures as “intertwined.” He added, “Today, we officially take the step to combine the data, models, compute, distribution and talent.” The acquisition places X — the highly influential social media platform Musk purchased in 2022 under its former name, Twitter — firmly under the umbrella of Musk’s AI startup, which he founded in 2023 to compete with OpenAI. With xAI’s acquisition of X, the two are now effectively one — and the move suggests that X’s true value may lie in advancing Musk’s broader AI ambitions.",44,positive
"TechCrunch Disrupt 2025: Just 2 days left to save up to $1,130","At Disrupt 2025, you’ll be able to experience Main Stage talks with industry pioneers, participate in interactive breakout and roundtable sessions, find unmatched 1:1 and small-group networking, and discover the latest innovations in technology in the Expo Hall. Witness innovative early-stage startups take center stage in a pitch competition like no other for a shot at a $100,000 equity-free prize and the Disrupt Cup — and learn from world-renowned VC judges along the way.",24,positive
"TechCrunch Disrupt 2025: Final 24 hours to save up to $1,130","Of course, you’ll also be able to see the legendary   competition in action — and see some of our legendary former speakers and TechCrunch staff return to our stages. Participate in interactive breakout and roundtable sessions, find unmatched 1:1 and small-group networking, experience talks with legends of the industry on each of our five industry stages, discover the hottest tech innovations in the Expo Hall, and so much more.",24,positive
Supercharge your brand visibility with an exhibit table at TechCrunch Disrupt 2025,": Showcase your innovative solutions in the bustling Disrupt Expo Hall for three full days, with over 10,000 tech leaders and VCs in attendance. : Promote your brand to Disrupt attendees and the whole TechCrunch audience before, during, and after Disrupt 2025 across multiple platforms — Disrupt’s website, event app, and a TechCrunch post — ensuring your startup stands out to founders, investors, and potential partners and clients.",23,positive
"TechCrunch Disrupt 2025: 3 days left to save up to $1,130 on passes","Watch TechCrunch-selected startups compete in   for a shot at a $100,000 equity-free prize and the Disrupt Cup — and learn from world-renowned VC judges along the way. For two decades, TechCrunch Disrupt has been the hub for founders, tech leaders, and investors to drive the future of entrepreneurship.",21,positive
2025 TechCrunch Events Calendar,"Raising the bar even higher this year, founders whose journeys we have tracked since the start — along with top investors and Silicon Valley’s rising stars — will come together for a three-day celebration of the people and products that have changed, and are continuing to change, the world. Whether you’re a founder looking to integrate AI into your product, an investor seeking the next big opportunity, or a technologist thinking about launching your own startup, this is your chance to connect with the people and ideas shaping the future of artificial intelligence.",51,positive
Applications are open for Startup Battlefield 200 — apply today!,"Get an unbeatable chance to gain exposure and pitch your startup to world-class VC judges — and the entire   audience at Moscone West in San Francisco from October 27-29 — as you compete for the coveted $100,000 equity-free prize. Don’t miss your chance to participate in the biggest startup pitch competition of the year and to compete on a global stage.",25,positive
Make waves in 2025: Exhibit at TechCrunch events,"Get in front of thousands of TechCrunch event attendees, readers, and decision-makers who can take your business further this year by exhibiting at a TechCrunch event. Exhibiting doesn’t just elevate your brand — it gives you and your team full access to all the perks of an attendee at whichever event you exhibit:  ,  , or  .",19,positive
Apply to compete in TechCrunch Startup Battlefield 200 today!,"If you’re a pre-Series A startup founder looking to make your mark on a global stage, this is an opportunity you can’t pass up. As a competitor, you’ll have the opportunity to gain exposure, pitch your startup to world-class VC judges — and to the Disrupt 2025 audience — and get a shot at the coveted $100,000 equity-free prize.",20,positive
Startup Battlefield 200: The competition starts on the waitlist,Add your startup (or refer one) to   and be at the front of the line when it’s time to apply. Add your startup — or refer one — to the   and get notified the moment applications go live.,11,positive
